Simplified or variant form,Normalizes to,Target in database,Form also has own database row
万,萬,yes,no
与,與,yes,yes
东,東,yes,no
丝,絲,yes,no
两,兩,yes,no
严,嚴,yes,no
丧,喪,yes,no
个,個,yes,yes
丰,豐,yes,no
临,臨,yes,no
为,為,yes,no
乌,烏,yes,no
乐,樂,yes,no
乔,喬,yes,no
习,習,yes,no
乡,鄉,yes,no
书,書,yes,no
买,買,yes,no
乱,亂,yes,no
争,爭,yes,no
于,於,yes,yes
亏,虧,yes,no
云,雲,yes,yes
亚,亞,yes,no
产,產,yes,no
亩,畝,yes,no
亲,親,yes,no
亵,褻,yes,no
亿,億,yes,no
仅,僅,yes,no
从,從,yes,no
仑,侖,no,no
仓,倉,yes,no
仪,儀,yes,no
们,們,no,no
价,價,yes,no
众,眾,yes,no
优,優,yes,no
会,會,yes,no
伛,傴,yes,no
伞,傘,yes,no
伟,偉,yes,no
传,傳,yes,no
伤,傷,yes,no
伦,倫,yes,no
伪,偽,yes,no
体,體,yes,no
余,餘,yes,yes
佛,佛,yes,yes
佣,傭,yes,no
佥,僉,yes,no
侠,俠,yes,no
侣,侶,yes,no
侥,僥,yes,no
侦,偵,yes,no
侧,側,yes,no
侨,僑,yes,no
侩,儈,yes,no
侪,儕,yes,no
侬,儂,yes,no
俣,俁,yes,no
俦,儔,yes,no
俨,儼,yes,no
俩,倆,no,no
俭,儉,yes,no
债,債,yes,no
倾,傾,yes,no
偻,僂,yes,no
偿,償,yes,no
傥,儻,yes,no
储,儲,yes,no
儿,兒,yes,no
兑,兌,yes,yes
党,黨,yes,no
兰,蘭,yes,no
关,關,yes,no
兴,興,yes,no
兹,茲,yes,no
养,養,yes,no
兽,獸,yes,no
冈,岡,yes,no
写,寫,yes,no
军,軍,yes,no
农,農,yes,no
冯,馮,yes,no
冲,衝,yes,yes
决,決,yes,no
况,況,yes,no
冻,凍,yes,no
净,淨,yes,no
凄,淒,yes,no
凉,涼,yes,no
凌,凌,yes,yes
减,減,yes,no
凑,湊,yes,no
凤,鳳,yes,no
凭,憑,yes,no
凯,凱,yes,no
击,擊,yes,no
凿,鑿,yes,no
刍,芻,yes,no
刘,劉,yes,no
则,則,yes,no
刚,剛,yes,no
创,創,yes,no
删,刪,yes,no
别,別,yes,no
刬,剗,no,no
刭,剄,yes,no
剂,劑,yes,no
剐,剮,no,no
剑,劍,yes,no
剧,劇,yes,no
劝,勸,yes,no
办,辦,yes,no
务,務,yes,no
动,動,yes,no
励,勵,yes,no
劲,勁,yes,no
劳,勞,yes,no
势,勢,yes,no
勋,勳,yes,no
匀,勻,yes,yes
匦,匭,yes,no
区,區,yes,no
医,醫,yes,no
华,華,yes,no
协,協,yes,no
单,單,yes,no
卖,賣,yes,no
卢,盧,yes,no
卫,衛,yes,no
却,卻,yes,yes
厂,廠,yes,yes
厅,廳,yes,no
历,歷,yes,no
厉,厲,yes,no
压,壓,yes,no
厌,厭,yes,no
厕,廁,yes,no
县,縣,yes,no
参,參,yes,no
双,雙,yes,no
发,發,yes,no
变,變,yes,no
叙,敘,yes,no
叶,葉,yes,no
号,號,yes,yes
叹,嘆,yes,no
叽,嘰,yes,no
吁,籲,yes,yes
后,後,yes,yes
吓,嚇,yes,no
吕,呂,yes,no
吗,嗎,no,no
听,聽,yes,no
启,啟,yes,yes
吴,吳,yes,no
呐,吶,yes,no
呕,嘔,yes,no
员,員,yes,no
呜,嗚,yes,no
咏,詠,yes,yes
咙,嚨,yes,no
响,響,yes,no
哑,啞,yes,no
哗,嘩,no,no
哟,喲,no,no
唤,喚,yes,no
啓,啟,yes,no
啸,嘯,yes,no
喷,噴,yes,no
喽,嘍,no,no
嗫,囁,no,no
嚣,囂,yes,no
团,團,yes,no
园,園,yes,no
围,圍,yes,no
国,國,yes,no
图,圖,yes,no
圆,圓,yes,no
圣,聖,yes,no
场,場,yes,no
坏,壞,yes,no
块,塊,yes,no
坚,堅,yes,no
坛,壇,yes,no
坝,壩,no,no
坟,墳,yes,no
坠,墜,yes,no
垄,壟,yes,no
垒,壘,yes,no
垦,墾,yes,no
垩,堊,yes,no
垫,墊,yes,no
垭,埡,no,no
垲,塏,yes,no
垴,堖,no,no
埘,塒,yes,no
埙,塤,yes,no
埚,堝,yes,no
堑,塹,yes,no
堕,墮,yes,no
墙,牆,yes,no
壮,壯,yes,no
声,聲,yes,no
壳,殼,yes,no
壶,壺,yes,no
处,處,yes,no
备,備,yes,no
复,復,yes,yes
够,夠,no,no
头,頭,yes,no
夹,夾,yes,no
夺,奪,yes,no
奋,奮,yes,no
奖,獎,yes,no
奥,奧,yes,no
妆,妝,yes,no
妇,婦,yes,no
妈,媽,no,no
妩,嫵,yes,no
姗,姍,yes,no
姹,奼,yes,no
娄,婁,yes,no
娅,婭,yes,no
娆,嬈,yes,no
娇,嬌,yes,no
娱,娛,yes,no
娲,媧,yes,no
娴,嫻,no,no
婴,嬰,yes,no
婵,嬋,yes,no
婶,嬸,yes,no
媪,媼,yes,no
嫒,嬡,yes,no
嫔,嬪,yes,no
孙,孫,yes,no
学,學,yes,no
宁,寧,yes,no
宝,寶,yes,no
实,實,yes,no
宠,寵,yes,no
审,審,yes,no
宪,憲,yes,no
宫,宮,yes,no
宽,寬,yes,no
宾,賓,yes,no
寝,寢,yes,no
对,對,yes,no
寻,尋,yes,no
导,導,yes,no
寿,壽,yes,no
将,將,yes,no
尔,爾,yes,yes
尘,塵,yes,no
尝,嘗,yes,no
尧,堯,yes,no
层,層,yes,no
屦,屨,yes,no
屿,嶼,yes,no
岁,歲,yes,no
岂,豈,yes,no
岖,嶇,yes,no
岗,崗,no,no
岘,峴,yes,no
岚,嵐,yes,no
岛,島,yes,no
岭,嶺,yes,no
岳,嶽,yes,yes
峡,峽,yes,no
峣,嶢,yes,no
峤,嶠,yes,no
峥,崢,yes,no
峦,巒,yes,no
崂,嶗,no,no
崃,崍,yes,no
崭,嶄,no,no
嵘,嶸,yes,no
嵚,嶔,yes,no
巅,巔,yes,no
巩,鞏,yes,no
巯,巰,no,no
币,幣,yes,no
帅,帥,yes,no
师,師,yes,no
帐,帳,yes,no
帘,簾,yes,no
帜,幟,yes,no
带,帶,yes,no
帧,幀,no,no
帮,幫,no,no
帱,幬,yes,no
幂,冪,yes,no
并,並,yes,yes
广,廣,yes,no
庄,莊,yes,no
庆,慶,yes,no
庐,廬,yes,no
库,庫,yes,no
应,應,yes,no
庙,廟,yes,no
废,廢,yes,no
庵,菴,yes,yes
庶,庶,yes,yes
廊,廊,yes,yes
开,開,yes,no
异,異,yes,yes
弃,棄,yes,yes
弑,弒,yes,no
张,張,yes,no
弥,彌,yes,no
弦,弦,yes,yes
弯,彎,yes,no
弹,彈,yes,no
强,強,yes,yes
归,歸,yes,no
当,當,yes,no
录,錄,yes,no
彦,彥,yes,no
彻,徹,yes,no
径,徑,yes,no
徕,徠,yes,no
忆,憶,yes,no
忧,憂,yes,no
忾,愾,yes,no
怀,懷,yes,no
态,態,yes,no
怂,慫,no,no
怃,憮,yes,no
怄,慪,no,no
怜,憐,yes,no
总,總,yes,no
恋,戀,yes,no
恒,恆,yes,yes
恳,懇,yes,no
恶,惡,yes,no
恸,慟,yes,no
恹,懨,no,no
恺,愷,yes,no
恻,惻,yes,no
恼,惱,yes,no
悦,悅,yes,yes
悬,懸,yes,no
悭,慳,yes,no
悯,憫,yes,no
惊,驚,yes,no
惧,懼,yes,no
惨,慘,yes,no
惩,懲,yes,no
惫,憊,yes,no
惬,愜,yes,no
惭,慚,yes,no
惮,憚,yes,no
惯,慣,yes,no
愍,愍,yes,yes
愤,憤,yes,no
愿,願,yes,no
慑,懾,yes,no
懒,懶,yes,no
懔,懍,yes,no
戆,戇,no,no
戋,戔,yes,no
戏,戲,yes,no
戗,戧,no,no
战,戰,yes,no
戬,戩,yes,no
户,戶,yes,no
扎,紮,no,no
扑,撲,yes,no
执,執,yes,no
扩,擴,yes,no
扪,捫,yes,no
扫,掃,yes,no
扬,揚,yes,no
扰,擾,yes,no
抚,撫,yes,no
抛,拋,yes,no
抟,摶,yes,no
抢,搶,yes,no
护,護,yes,no
报,報,yes,no
担,擔,yes,no
拟,擬,yes,no
拢,攏,yes,no
拣,揀,yes,no
拥,擁,yes,no
拦,攔,yes,no
拨,撥,yes,no
择,擇,yes,no
挂,掛,yes,yes
挚,摯,yes,no
挛,攣,yes,no
挟,挾,yes,no
挠,撓,yes,no
挡,擋,yes,no
挢,撟,yes,no
挣,掙,no,no
挤,擠,yes,no
挥,揮,yes,no
挦,撏,yes,no
捞,撈,yes,no
损,損,yes,no
捡,撿,no,no
换,換,yes,no
捣,搗,yes,no
据,據,yes,no
掳,擄,no,no
掷,擲,yes,no
掸,撣,yes,no
掺,摻,yes,no
揽,攬,yes,no
揿,撳,no,no
搀,攙,yes,no
搁,擱,no,no
搂,摟,yes,no
搅,攪,yes,no
携,攜,yes,no
摄,攝,yes,no
摅,攄,yes,no
摆,擺,yes,no
摇,搖,yes,no
摈,擯,yes,no
摊,攤,yes,no
撄,攖,yes,no
撑,撐,yes,no
撵,攆,no,no
撷,擷,yes,no
撸,擼,no,no
撺,攛,yes,no
擞,擻,yes,no
攒,攢,yes,no
敌,敵,yes,no
敛,斂,yes,no
数,數,yes,no
斋,齋,yes,no
斓,斕,yes,no
斗,鬥,yes,yes
斩,斬,yes,no
断,斷,yes,no
无,無,yes,yes
旧,舊,yes,no
时,時,yes,no
旷,曠,yes,no
昙,曇,yes,no
昼,晝,yes,no
晋,晉,yes,no
晓,曉,yes,no
晔,曄,yes,no
晕,暈,yes,no
晖,暉,yes,no
暂,暫,yes,no
暧,曖,yes,no
术,術,yes,no
机,機,yes,yes
杀,殺,yes,no
杂,雜,yes,no
权,權,yes,no
杆,桿,no,no
条,條,yes,no
来,來,yes,no
杨,楊,yes,no
杩,榪,no,no
杰,傑,yes,no
极,極,yes,no
构,構,yes,no
枞,樅,yes,no
枢,樞,yes,no
枣,棗,yes,no
枪,槍,yes,no
枫,楓,yes,no
柜,櫃,yes,no
柠,檸,no,no
柽,檉,yes,no
栈,棧,yes,no
栉,櫛,yes,no
栋,棟,yes,no
栌,櫨,yes,no
栎,櫟,yes,no
栏,欄,yes,no
树,樹,yes,no
栖,棲,yes,yes
栗,慄,yes,yes
样,樣,yes,no
核,核,yes,yes
根,根,yes,yes
桠,椏,yes,no
桡,橈,yes,no
桢,楨,yes,no
档,檔,yes,no
桥,橋,yes,no
桦,樺,yes,no
桧,檜,yes,no
桨,槳,yes,no
桩,樁,yes,no
梦,夢,yes,no
梼,檮,yes,no
梾,棶,no,no
检,檢,yes,no
棂,欞,no,no
椁,槨,yes,no
椟,櫝,yes,no
椠,槧,yes,no
椭,橢,yes,no
楼,樓,yes,no
榄,欖,yes,no
榇,櫬,yes,no
榈,櫚,yes,no
榉,櫸,yes,no
槚,檟,yes,no
槛,檻,yes,no
槟,檳,no,no
樑,梁,yes,no
橹,櫓,yes,no
橼,櫞,no,no
檩,檁,no,no
欢,歡,yes,no
欤,歟,yes,no
欧,歐,yes,no
歼,殲,yes,no
殁,歿,yes,no
残,殘,yes,no
殒,殞,yes,no
殓,殮,yes,no
殚,殫,yes,no
殡,殯,yes,no
毁,毀,yes,no
毂,轂,yes,no
毕,畢,yes,no
毙,斃,yes,no
毡,氈,yes,no
气,氣,yes,yes
氢,氫,no,no
氩,氬,no,no
氲,氳,yes,no
汇,匯,yes,no
汉,漢,yes,no
污,汙,yes,yes
汤,湯,yes,no
汹,洶,yes,no
沓,沓,yes,yes
沟,溝,yes,no
没,沒,yes,no
沣,灃,yes,no
沤,漚,yes,no
沥,瀝,yes,no
沦,淪,yes,no
沧,滄,yes,no
沪,滬,yes,no
泞,濘,yes,no
泪,淚,yes,no
泶,澩,no,no
泷,瀧,yes,no
泸,瀘,yes,no
泺,濼,yes,no
泻,瀉,yes,no
泼,潑,yes,no
泽,澤,yes,no
洁,潔,yes,no
洒,灑,yes,yes
洼,窪,yes,no
浃,浹,yes,no
浅,淺,yes,no
浆,漿,yes,no
浇,澆,yes,no
浊,濁,yes,no
测,測,yes,no
济,濟,yes,no
浏,瀏,yes,no
浑,渾,yes,no
浓,濃,yes,no
浔,潯,yes,no
涂,塗,yes,yes
涌,湧,no,yes
涛,濤,yes,no
涝,澇,yes,no
涞,淶,no,no
涟,漣,yes,no
涠,潿,no,no
涡,渦,yes,no
涣,渙,yes,no
涤,滌,yes,no
润,潤,yes,no
涧,澗,yes,no
涨,漲,yes,no
涩,澀,yes,no
淀,澱,yes,yes
渊,淵,yes,no
渍,漬,yes,no
渎,瀆,yes,no
渐,漸,yes,no
渔,漁,yes,no
渖,瀋,yes,no
渗,滲,yes,no
温,溫,yes,yes
湾,灣,yes,no
湿,濕,yes,no
溃,潰,yes,no
溅,濺,yes,no
滗,潷,no,no
滚,滾,no,no
滞,滯,yes,no
滟,灧,no,no
滠,灄,yes,no
满,滿,yes,no
滢,瀅,yes,no
滤,濾,no,no
滥,濫,yes,no
滨,濱,yes,no
滩,灘,yes,no
滪,澦,yes,no
漓,灕,no,yes
潆,瀠,no,no
潇,瀟,yes,no
潋,瀲,yes,no
潍,濰,yes,no
潜,潛,yes,no
潴,瀦,yes,no
澜,瀾,yes,no
濑,瀨,yes,no
濒,瀕,yes,no
灏,灝,yes,no
灭,滅,yes,no
灯,燈,yes,no
灵,靈,yes,no
灾,災,yes,yes
灿,燦,yes,no
炀,煬,yes,no
炉,爐,yes,no
炜,煒,yes,no
点,點,yes,no
炼,煉,no,no
烁,爍,yes,no
烂,爛,yes,no
烃,烴,no,no
烛,燭,yes,no
烟,煙,yes,yes
烦,煩,yes,no
烧,燒,yes,no
烨,燁,yes,no
烩,燴,no,no
烫,燙,no,no
热,熱,yes,no
焕,煥,yes,no
焖,燜,no,no
焘,燾,yes,no
爱,愛,yes,no
爲,為,yes,no
爷,爺,yes,no
牍,牘,yes,no
牵,牽,yes,no
牺,犧,yes,no
犊,犢,yes,no
状,狀,yes,no
犷,獷,yes,no
犸,獁,no,no
犹,猶,yes,no
狈,狽,yes,no
狞,獰,yes,no
独,獨,yes,no
狭,狹,yes,no
狮,獅,yes,no
狯,獪,yes,no
狰,猙,no,no
狱,獄,yes,no
狲,猻,no,no
猃,獫,yes,no
猎,獵,yes,no
猕,獼,no,no
猡,玀,no,no
猪,豬,yes,no
猫,貓,yes,no
献,獻,yes,no
獭,獺,yes,no
玑,璣,yes,no
玛,瑪,no,no
玮,瑋,yes,no
环,環,yes,no
现,現,yes,no
玱,瑲,yes,no
玺,璽,yes,no
珑,瓏,yes,no
珰,璫,yes,no
珲,琿,no,no
琏,璉,yes,no
琐,瑣,yes,no
琼,瓊,yes,no
瑶,瑤,yes,no
瑷,璦,yes,no
璎,瓔,yes,no
瓒,瓚,yes,no
瓯,甌,yes,no
电,電,yes,no
画,畫,yes,no
畅,暢,yes,no
畴,疇,yes,no
疖,癤,yes,no
疗,療,yes,no
疟,瘧,yes,no
疠,癘,yes,no
疡,瘍,yes,no
疬,癧,no,no
疮,瘡,yes,no
疯,瘋,no,no
疱,皰,yes,no
痈,癰,yes,no
痉,痙,no,no
痒,癢,yes,yes
痨,癆,no,no
痫,癇,no,no
瘅,癉,yes,no
瘗,瘞,yes,no
瘘,瘻,no,no
瘪,癟,no,no
瘫,癱,no,no
瘾,癮,no,no
瘿,癭,yes,no
癞,癩,yes,no
癫,癲,no,no
皑,皚,yes,no
皱,皺,yes,no
盏,盞,yes,no
盐,鹽,yes,no
监,監,yes,no
盖,蓋,yes,no
盗,盜,yes,no
盘,盤,yes,no
眍,瞘,no,no
眦,眥,yes,no
着,著,yes,no
睁,睜,no,no
睐,睞,yes,no
瞒,瞞,yes,no
瞩,矚,yes,no
矫,矯,yes,no
矶,磯,yes,no
矿,礦,yes,no
砀,碭,yes,no
码,碼,no,no
砖,磚,yes,no
砗,硨,yes,no
砚,硯,yes,no
砜,碸,no,no
砺,礪,yes,no
砻,礱,yes,no
础,礎,yes,no
硁,硜,yes,no
硕,碩,yes,no
硖,硤,yes,no
硗,磽,yes,no
硙,磑,yes,no
确,確,yes,yes
碍,礙,yes,no
碛,磧,yes,no
碜,磣,no,no
碱,鹼,no,no
礼,禮,yes,no
祎,禕,yes,no
祕,秘,yes,yes
祢,禰,yes,no
祯,禎,yes,no
祷,禱,yes,no
祸,禍,yes,no
禀,稟,yes,yes
禄,祿,yes,no
禅,禪,yes,no
离,離,yes,yes
秃,禿,yes,no
秆,稈,yes,yes
种,種,yes,no
积,積,yes,no
称,稱,yes,no
秽,穢,yes,no
稣,穌,yes,no
稳,穩,yes,no
穷,窮,yes,no
窃,竊,yes,no
窍,竅,yes,no
窎,窵,no,no
窑,窯,yes,no
窜,竄,yes,no
窝,窩,yes,no
窥,窺,yes,no
窦,竇,yes,no
竖,豎,yes,no
竞,競,yes,no
笃,篤,yes,no
笋,筍,yes,no
笔,筆,yes,no
笕,筧,yes,no
笺,箋,yes,no
笼,籠,yes,no
筚,篳,yes,no
筛,篩,yes,no
筝,箏,yes,no
筹,籌,yes,no
签,籤,yes,no
简,簡,yes,no
箓,籙,yes,no
箦,簀,yes,no
箧,篋,yes,no
箨,籜,yes,no
箩,籮,yes,no
箪,簞,yes,no
箫,簫,yes,no
篑,簣,yes,no
篓,簍,yes,no
篮,籃,yes,no
篱,籬,yes,no
簖,籪,no,no
籁,籟,yes,no
籴,糴,yes,no
类,類,yes,no
籼,秈,yes,no
粜,糶,yes,no
粝,糲,yes,no
粤,粵,yes,no
粪,糞,yes,no
粮,糧,yes,no
糁,糝,no,no
系,係,yes,yes
紧,緊,yes,no
絷,縶,yes,no
红,紅,yes,no
纣,紂,yes,no
纤,纖,yes,no
纥,紇,yes,no
约,約,yes,no
级,級,yes,no
纨,紈,yes,no
纩,纊,yes,no
纪,紀,yes,no
纫,紉,yes,no
纬,緯,yes,no
纯,純,yes,no
纱,紗,yes,no
纲,綱,yes,no
纳,納,yes,no
纵,縱,yes,no
纶,綸,yes,no
纷,紛,yes,no
纸,紙,yes,no
纹,紋,yes,no
纺,紡,yes,no
纽,紐,yes,no
线,線,yes,no
练,練,yes,no
组,組,yes,no
绅,紳,yes,no
细,細,yes,no
织,織,yes,no
终,終,yes,no
绉,縐,yes,no
绊,絆,yes,no
绍,紹,yes,no
绎,繹,yes,no
经,經,yes,no
绑,綁,no,no
绒,絨,yes,no
结,結,yes,no
绕,繞,yes,no
绘,繪,yes,no
给,給,yes,no
绚,絢,yes,no
络,絡,yes,no
绝,絕,yes,no
绞,絞,yes,no
统,統,yes,no
绠,綆,yes,no
绡,綃,yes,no
绢,絹,yes,no
绣,繡,yes,no
绥,綏,yes,no
继,繼,yes,no
绩,績,yes,no
绪,緒,yes,no
绫,綾,yes,no
续,續,yes,no
绮,綺,yes,no
绯,緋,yes,no
绰,綽,yes,no
绳,繩,yes,no
维,維,yes,no
绵,綿,yes,no
绶,綬,yes,no
绷,繃,yes,no
绸,綢,yes,no
绺,綹,yes,no
绻,綣,yes,no
综,綜,yes,no
绽,綻,yes,no
绿,綠,yes,no
缀,綴,yes,no
缁,緇,yes,no
缂,緙,no,no
缃,緗,yes,no
缄,緘,yes,no
缅,緬,yes,no
缆,纜,yes,no
缇,緹,yes,no
缈,緲,yes,no
缉,緝,yes,no
缌,緦,yes,no
缎,緞,no,no
缑,緱,yes,no
缒,縋,yes,no
缓,緩,yes,no
缔,締,yes,no
缕,縷,yes,no
编,編,yes,no
缘,緣,yes,no
缙,縉,yes,no
缚,縛,yes,no
缛,縟,yes,no
缜,縝,yes,no
缝,縫,yes,no
缟,縞,yes,no
缠,纏,yes,no
缡,縭,no,no
缢,縊,yes,no
缣,縑,yes,no
缤,繽,no,no
缥,縹,yes,no
缦,縵,yes,no
缧,縲,no,no
缨,纓,yes,no
缩,縮,yes,no
缪,繆,yes,no
缫,繅,yes,no
缬,纈,yes,no
缭,繚,yes,no
缮,繕,yes,no
缯,繒,yes,no
缰,韁,no,no
缴,繳,yes,no
缵,纘,yes,no
罂,罌,yes,no
网,網,yes,yes
罗,羅,yes,no
罚,罰,yes,no
罢,罷,yes,no
羁,羈,yes,no
羟,羥,no,no
羡,羨,yes,no
翘,翹,yes,no
耻,恥,yes,no
聂,聶,yes,no
聋,聾,yes,no
职,職,yes,no
联,聯,yes,no
聪,聰,yes,no
肃,肅,yes,no
肠,腸,yes,no
肤,膚,yes,no
肾,腎,yes,no
肿,腫,yes,no
胀,脹,yes,no
胁,脅,yes,no
胆,膽,yes,no
胜,勝,yes,no
胧,朧,yes,no
胨,腖,no,no
胪,臚,yes,no
胫,脛,yes,no
胶,膠,yes,no
脉,脈,yes,yes
脍,膾,yes,no
脏,臟,yes,no
脑,腦,yes,no
脚,腳,yes,yes
脱,脫,yes,yes
脶,腡,yes,no
脸,臉,yes,no
腊,臘,yes,no
腻,膩,yes,no
腾,騰,yes,no
膑,臏,yes,no
臜,臢,no,no
舆,輿,yes,no
舣,艤,yes,no
舰,艦,yes,no
舱,艙,no,no
艰,艱,yes,no
艳,豔,yes,no
艺,藝,yes,no
节,節,yes,no
芜,蕪,yes,no
芦,蘆,yes,no
苇,葦,yes,no
苈,藶,yes,no
苋,莧,yes,no
苌,萇,yes,no
苍,蒼,yes,no
苎,苧,no,no
苏,蘇,yes,no
苹,蘋,yes,yes
茎,莖,yes,no
茏,蘢,yes,no
茑,蔦,yes,no
茔,塋,yes,no
茕,煢,no,no
茧,繭,yes,no
荆,荊,yes,no
荐,薦,yes,yes
荙,薘,no,no
荚,莢,yes,no
荛,蕘,yes,no
荜,蓽,no,no
荞,蕎,yes,no
荟,薈,yes,no
荡,蕩,yes,no
荣,榮,yes,no
荤,葷,yes,no
荥,滎,yes,no
荦,犖,yes,no
荧,熒,yes,no
荨,蕁,no,no
荩,藎,yes,no
荪,蓀,yes,no
荫,蔭,yes,no
荬,蕒,no,no
荭,葒,no,no
荮,葤,no,no
药,藥,yes,no
莅,蒞,no,yes
莱,萊,yes,no
莲,蓮,yes,no
莳,蒔,no,no
莴,萵,no,no
莶,薟,no,no
获,獲,yes,no
莸,蕕,yes,no
莹,瑩,yes,no
莺,鶯,yes,no
莼,蓴,no,no
萝,蘿,yes,no
萤,螢,yes,no
营,營,yes,no
萦,縈,yes,no
萧,蕭,yes,no
萨,薩,yes,no
葱,蔥,yes,no
蒇,蕆,yes,no
蒉,蕢,yes,no
蒋,蔣,yes,no
蒌,蔞,yes,no
蓝,藍,yes,no
蓟,薊,yes,no
蓠,蘺,yes,no
蓣,蕷,yes,no
蓥,鎣,no,no
蓦,驀,yes,no
蔷,薔,yes,no
蔹,蘞,yes,no
蔺,藺,yes,no
蔼,藹,yes,no
蕲,蘄,yes,no
蕴,蘊,yes,no
薮,藪,yes,no
藓,蘚,yes,no
蘖,櫱,yes,no
虏,虜,yes,no
虑,慮,yes,no
虚,虛,yes,no
虫,蟲,yes,no
虽,雖,yes,no
虾,蝦,yes,no
蚁,蟻,yes,no
蚂,螞,no,no
蚕,蠶,yes,no
蚬,蜆,yes,no
蛊,蠱,yes,no
蛎,蠣,yes,no
蛏,蟶,yes,no
蛮,蠻,yes,no
蛰,蟄,yes,no
蛱,蛺,yes,no
蛲,蟯,yes,no
蛳,螄,no,no
蛴,蠐,yes,no
蜕,蛻,yes,yes
蜗,蝸,yes,no
蜡,蠟,yes,no
蝇,蠅,yes,no
蝉,蟬,yes,no
蝎,蠍,yes,no
蝼,螻,yes,no
蝾,蠑,yes,no
螀,螿,yes,no
螨,蟎,no,no
蟏,蠨,no,no
衅,釁,yes,yes
衆,眾,yes,no
衔,銜,yes,no
补,補,yes,no
表,表,yes,yes
衬,襯,yes,no
袄,襖,yes,no
袅,裊,yes,no
袜,襪,yes,no
袭,襲,yes,no
装,裝,yes,no
裆,襠,yes,no
裈,褌,yes,no
裢,褳,no,no
裤,褲,no,no
裥,襇,no,no
褛,褸,no,no
褴,襤,yes,no
见,見,yes,no
观,觀,yes,no
规,規,yes,no
觅,覓,yes,no
视,視,yes,no
览,覽,yes,no
觉,覺,yes,no
觊,覬,yes,no
觋,覡,yes,no
觌,覿,yes,no
觎,覦,yes,no
觏,覯,yes,no
觐,覲,yes,no
觑,覷,no,no
觞,觴,yes,no
触,觸,yes,no
觯,觶,yes,no
註,注,yes,yes
讠,言,yes,no
计,計,yes,no
订,訂,no,no
讣,訃,yes,no
认,認,yes,no
讥,譏,yes,no
讦,訐,yes,no
讧,訌,yes,no
讨,討,yes,no
让,讓,yes,no
讪,訕,yes,no
讫,訖,yes,no
训,訓,yes,no
议,議,yes,no
讯,訊,yes,no
记,記,yes,no
讲,講,yes,no
讳,諱,yes,no
讴,謳,yes,no
讵,詎,yes,no
讶,訝,yes,no
讷,訥,yes,no
许,許,yes,no
讹,訛,yes,no
论,論,yes,no
讼,訟,yes,no
讽,諷,yes,no
设,設,yes,no
访,訪,yes,no
诀,訣,yes,no
证,證,yes,no
诂,詁,yes,no
诃,訶,yes,no
评,評,yes,no
诅,詛,yes,no
识,識,yes,no
诈,詐,yes,no
诉,訴,yes,no
诊,診,yes,no
诋,詆,yes,no
诌,謅,yes,no
词,詞,yes,no
诎,詘,yes,no
诏,詔,yes,no
译,譯,yes,no
诒,詒,yes,no
诓,誆,no,no
诔,誄,yes,no
试,試,yes,no
诗,詩,yes,no
诘,詰,yes,no
诚,誠,yes,no
诛,誅,yes,no
诜,詵,yes,no
话,話,yes,no
诞,誕,yes,no
诟,詬,yes,no
诠,詮,yes,no
诡,詭,yes,no
询,詢,yes,no
诣,詣,yes,no
诤,諍,yes,no
该,該,yes,no
详,詳,yes,no
诧,詫,yes,no
诨,諢,no,no
诩,詡,yes,no
诫,誡,yes,no
诬,誣,yes,no
语,語,yes,no
误,誤,yes,no
诰,誥,yes,no
诱,誘,yes,no
诲,誨,yes,no
诳,誑,yes,no
说,說,yes,no
诵,誦,yes,no
请,請,yes,no
诸,諸,yes,no
诹,諏,yes,no
诺,諾,yes,no
读,讀,yes,no
诼,諑,yes,no
诽,誹,yes,no
课,課,yes,no
诿,諉,yes,no
谀,諛,yes,no
谁,誰,yes,no
谂,諗,yes,no
调,調,yes,no
谄,諂,yes,no
谅,諒,yes,no
谆,諄,yes,no
谈,談,yes,no
谊,誼,yes,no
谋,謀,yes,no
谌,諶,yes,no
谍,諜,yes,no
谎,謊,no,no
谏,諫,yes,no
谐,諧,yes,no
谑,謔,yes,no
谒,謁,yes,no
谓,謂,yes,no
谔,諤,yes,no
谕,諭,yes,no
谖,諼,yes,no
谗,讒,yes,no
谘,諮,yes,no
谙,諳,yes,no
谚,諺,yes,no
谛,諦,yes,no
谜,謎,yes,no
谝,諞,yes,no
谟,謨,yes,no
谠,讜,yes,no
谡,謖,yes,no
谢,謝,yes,no
谣,謠,yes,no
谤,謗,yes,no
谥,謚,no,no
谦,謙,yes,no
谧,謐,yes,no
谨,謹,yes,no
谩,謾,yes,no
谪,謫,yes,no
谫,譾,no,no
谬,謬,yes,no
谭,譚,yes,no
谮,譖,yes,no
谯,譙,yes,no
谰,讕,yes,no
谱,譜,yes,no
谲,譎,yes,no
谳,讞,yes,no
谴,譴,yes,no
谵,譫,no,no
谶,讖,yes,no
谷,穀,yes,yes
贝,貝,yes,no
贞,貞,yes,no
负,負,yes,no
贡,貢,yes,no
财,財,yes,no
责,責,yes,no
贤,賢,yes,no
败,敗,yes,no
账,賬,no,no
货,貨,yes,no
质,質,yes,no
贩,販,yes,no
贪,貪,yes,no
贫,貧,yes,no
贬,貶,yes,no
购,購,yes,no
贮,貯,yes,no
贯,貫,yes,no
贰,貳,yes,no
贱,賤,yes,no
贲,賁,yes,no
贳,貰,yes,no
贴,貼,yes,no
贵,貴,yes,no
贶,貺,yes,no
贷,貸,yes,no
贸,貿,yes,no
费,費,yes,no
贺,賀,yes,no
贻,貽,yes,no
贼,賊,yes,no
贽,贄,yes,no
贾,賈,yes,no
贿,賄,yes,no
赀,貲,yes,no
赁,賃,yes,no
赂,賂,yes,no
赃,贓,yes,no
资,資,yes,no
赅,賅,no,no
赆,贐,no,no
赇,賕,yes,no
赈,賑,yes,no
赉,賚,yes,no
赊,賒,yes,no
赋,賦,yes,no
赌,賭,yes,no
赍,齎,yes,no
赎,贖,yes,no
赏,賞,yes,no
赐,賜,yes,no
赓,賡,yes,no
赔,賠,no,no
赖,賴,yes,no
赗,賵,yes,no
赘,贅,yes,no
赚,賺,no,no
赛,賽,yes,no
赜,賾,yes,no
赞,讚,yes,no
赠,贈,yes,no
赡,贍,yes,no
赢,贏,yes,no
赣,贛,yes,no
赵,趙,yes,no
赶,趕,no,no
趋,趨,yes,no
趱,趲,yes,no
趸,躉,no,no
跃,躍,yes,no
跄,蹌,yes,no
跞,躒,yes,no
践,踐,yes,no
跷,蹺,no,no
跸,蹕,yes,no
跹,躚,yes,no
跻,躋,yes,no
踌,躊,yes,no
踪,蹤,yes,no
踬,躓,yes,no
踯,躑,yes,no
蹑,躡,yes,no
蹒,蹣,no,no
蹰,躕,yes,no
蹿,躥,no,no
躏,躪,yes,no
躯,軀,yes,no
车,車,yes,no
轧,軋,yes,no
轨,軌,yes,no
轩,軒,yes,no
轪,軑,yes,no
转,轉,yes,no
轮,輪,yes,no
软,軟,yes,no
轰,轟,yes,no
轱,軲,no,no
轲,軻,yes,no
轳,轤,yes,no
轴,軸,yes,no
轵,軹,yes,no
轶,軼,yes,no
轷,軤,no,no
轸,軫,yes,no
轹,轢,yes,no
轻,輕,yes,no
轼,軾,yes,no
载,載,yes,no
轾,輊,yes,no
轿,轎,yes,no
辀,輈,yes,no
辁,輇,no,no
辂,輅,yes,no
较,較,yes,no
辄,輒,yes,no
辅,輔,yes,no
辆,輛,no,no
辇,輦,yes,no
辈,輩,yes,no
辉,輝,yes,no
辊,輥,yes,no
辋,輞,yes,no
辌,輬,no,no
辍,輟,yes,no
辎,輜,yes,no
辏,輳,yes,no
辐,輻,yes,no
辑,輯,yes,no
输,輸,yes,no
辔,轡,yes,no
辕,轅,yes,no
辖,轄,yes,no
辗,輾,yes,no
辘,轆,yes,no
辙,轍,yes,no
辽,遼,yes,no
达,達,yes,no
迁,遷,yes,no
过,過,yes,no
迈,邁,yes,no
运,運,yes,no
还,還,yes,no
这,這,no,no
进,進,yes,no
远,遠,yes,no
违,違,yes,no
连,連,yes,no
迟,遲,yes,no
迩,邇,yes,no
迹,跡,yes,yes
适,適,yes,no
选,選,yes,no
逊,遜,yes,no
递,遞,yes,no
逦,邐,yes,no
逻,邏,yes,no
遗,遺,yes,no
遥,遙,yes,no
邓,鄧,yes,no
邝,鄺,no,no
邬,鄔,yes,no
邮,郵,yes,no
邹,鄒,yes,no
邻,鄰,yes,no
郁,鬱,yes,yes
郏,郟,yes,no
郑,鄭,yes,no
郓,鄆,yes,no
郦,酈,yes,no
郧,鄖,yes,no
郸,鄲,yes,no
酝,醞,yes,no
酦,醱,no,no
酬,酬,yes,yes
酱,醬,yes,no
酽,釅,yes,no
酾,釃,yes,no
酿,釀,yes,no
释,釋,yes,no
里,裡,no,yes
鉴,鑒,yes,no
銮,鑾,yes,no
錾,鏨,yes,no
鑑,鑒,yes,yes
钆,釓,no,no
钇,釔,no,no
针,針,yes,no
钉,釘,yes,no
钊,釗,yes,no
钋,釙,no,no
钌,釕,no,no
钍,釷,no,no
钎,釺,no,no
钏,釧,yes,no
钐,釤,no,no
钒,釩,no,no
钓,釣,yes,no
钔,鍆,no,no
钕,釹,no,no
钗,釵,yes,no
钙,鈣,no,no
钚,鈈,no,no
钛,鈦,no,no
钜,鉅,yes,no
钝,鈍,yes,no
钞,鈔,yes,no
钟,鍾,yes,no
钠,鈉,no,no
钡,鋇,no,no
钢,鋼,yes,no
钣,鈑,yes,no
钤,鈐,no,no
钥,鑰,yes,no
钦,欽,yes,no
钧,鈞,yes,no
钨,鎢,no,no
钩,鉤,yes,no
钪,鈧,no,no
钫,鈁,yes,no
钬,鈥,no,no
钭,鈄,no,no
钮,鈕,yes,no
钯,鈀,yes,no
钰,鈺,no,no
钱,錢,yes,no
钲,鉦,yes,no
钳,鉗,yes,no
钴,鈷,no,no
钵,缽,no,no
钶,鈳,no,no
钹,鈸,yes,no
钺,鉞,yes,no
钻,鑽,yes,no
钼,鉬,no,no
钽,鉭,no,no
钾,鉀,yes,no
钿,鈿,yes,no
铀,鈾,no,no
铁,鐵,yes,no
铂,鉑,no,no
铃,鈴,yes,no
铄,鑠,yes,no
铅,鉛,yes,no
铆,鉚,no,no
铈,鈰,no,no
铉,鉉,yes,no
铊,鉈,yes,no
铋,鉍,yes,no
铌,鈮,no,no
铍,鈹,yes,no
铎,鐸,yes,no
铏,鉶,yes,no
铐,銬,no,no
铑,銠,no,no
铒,鉺,no,no
铕,銪,no,no
铗,鋏,yes,no
铘,鋣,no,no
铙,鐃,yes,no
铚,銍,yes,no
铛,鐺,yes,no
铜,銅,yes,no
铝,鋁,no,no
铞,銱,no,no
铟,銦,no,no
铠,鎧,yes,no
铡,鍘,no,no
铢,銖,yes,no
铣,銑,yes,no
铤,鋌,yes,no
铥,銩,no,no
铧,鏵,no,no
铨,銓,yes,no
铩,鎩,yes,no
铪,鉿,no,no
铫,銚,yes,no
铬,鉻,no,no
铭,銘,yes,no
铮,錚,yes,no
铯,銫,no,no
铰,鉸,yes,no
铱,銥,no,no
铲,鏟,yes,no
铳,銃,no,no
铴,鐋,no,no
铵,銨,no,no
银,銀,yes,no
铷,銣,no,no
铸,鑄,yes,no
铺,鋪,yes,no
铻,鋙,yes,no
铼,錸,no,no
链,鏈,no,no
销,銷,yes,no
锁,鎖,yes,no
锂,鋰,no,no
锃,鋥,no,no
锄,鋤,yes,no
锅,鍋,yes,no
锆,鋯,no,no
锇,鋨,no,no
锈,鏽,no,no
锉,銼,yes,no
锋,鋒,yes,no
锌,鋅,no,no
锏,鐧,no,no
锐,銳,yes,no
锑,銻,yes,no
锒,鋃,yes,no
锓,鋟,yes,no
锔,鋦,no,no
锕,錒,no,no
锖,錆,no,no
锗,鍺,no,no
错,錯,yes,no
锚,錨,no,no
锛,錛,no,no
锜,錡,yes,no
锝,鍀,no,no
锞,錁,no,no
锟,錕,no,no
锡,錫,yes,no
锢,錮,yes,no
锣,鑼,yes,no
锤,錘,yes,no
锥,錐,yes,no
锦,錦,yes,no
锨,杴,yes,no
锩,錈,no,no
锫,錇,no,no
锬,錟,yes,no
锭,錠,yes,no
键,鍵,yes,no
锯,鋸,yes,no
锰,錳,no,no
锲,鍥,yes,no
锴,鍇,yes,no
锵,鏘,yes,no
锶,鍶,no,no
锷,鍔,yes,no
锸,鍤,yes,no
锹,鍬,no,no
锺,鍾,yes,no
锻,鍛,yes,no
锼,鎪,no,no
锽,鍠,yes,no
锾,鍰,yes,no
镀,鍍,yes,no
镁,鎂,no,no
镂,鏤,yes,no
镃,鎡,no,no
镄,鐨,no,no
镅,鎇,no,no
镆,鏌,yes,no
镇,鎮,yes,no
镈,鎛,yes,no
镉,鎘,no,no
镊,鑷,yes,no
镌,鐫,yes,no
镍,鎳,no,no
镎,鎿,no,no
镏,鎦,no,no
镐,鎬,yes,no
镑,鎊,no,no
镒,鎰,yes,no
镔,鑌,no,no
镕,鎔,yes,no
镖,鑣,yes,no
镗,鏜,yes,no
镘,鏝,yes,no
镙,鏍,no,no
镛,鏞,yes,no
镜,鏡,yes,no
镝,鏑,yes,no
镞,鏃,yes,no
镟,鏇,no,no
镠,鏐,yes,no
镡,鐔,yes,no
镢,鐝,no,no
镣,鐐,yes,no
镤,鏷,no,no
镥,鑥,no,no
镦,鐓,yes,no
镧,鑭,no,no
镨,鐠,no,no
镩,鑹,no,no
镪,鏹,no,no
镫,鐙,yes,no
镬,鑊,yes,no
镭,鐳,no,no
镯,鐲,yes,no
镰,鐮,no,no
镱,鐿,no,no
镲,鑔,no,no
镳,鑣,yes,no
镴,鑞,no,no
长,長,yes,no
门,門,yes,no
闩,閂,no,no
闪,閃,yes,no
闭,閉,yes,no
问,問,yes,no
闯,闖,yes,no
闰,閏,yes,no
闲,閒,yes,no
间,間,yes,no
闵,閔,yes,no
闷,悶,yes,no
闸,閘,no,no
闹,鬧,yes,no
闺,閨,yes,no
闻,聞,yes,no
闼,闥,yes,no
闽,閩,yes,no
闾,閭,yes,no
阀,閥,yes,no
阁,閣,yes,no
阂,閡,no,no
阅,閱,yes,no
阆,閬,yes,no
阈,閾,yes,no
阉,閹,yes,no
阊,閶,yes,no
阋,鬩,yes,no
阌,閿,no,no
阍,閽,yes,no
阎,閻,yes,no
阏,閼,yes,no
阐,闡,yes,no
阑,闌,yes,no
阒,闃,yes,no
阔,闊,yes,no
阕,闋,yes,no
阖,闔,yes,no
阗,闐,yes,no
阙,闕,yes,no
阚,闞,yes,no
队,隊,yes,no
阳,陽,yes,no
阴,陰,yes,no
阵,陣,yes,no
阶,階,yes,no
际,際,yes,no
陆,陸,yes,no
陇,隴,yes,no
陈,陳,yes,no
陉,陘,yes,no
陕,陝,yes,no
陧,隉,yes,no
陨,隕,yes,no
险,險,yes,no
随,隨,yes,no
隐,隱,yes,no
隶,隸,yes,yes
难,難,yes,no
雏,雛,yes,no
雠,讎,yes,no
雳,靂,yes,no
雾,霧,yes,no
霁,霽,yes,no
霭,靄,yes,no
靓,靚,yes,no
静,靜,yes,no
靥,靨,yes,no
韦,韋,yes,no
韧,韌,yes,no
韩,韓,yes,no
韪,韙,yes,no
韫,韞,no,no
韬,韜,yes,no
韵,韻,yes,yes
页,頁,yes,no
顶,頂,yes,no
顷,頃,yes,no
项,項,yes,no
顺,順,yes,no
须,須,yes,no
顽,頑,yes,no
顾,顧,yes,no
顿,頓,yes,no
颁,頒,yes,no
颂,頌,yes,no
预,預,yes,no
颅,顱,yes,no
领,領,yes,no
颇,頗,yes,no
颈,頸,yes,no
颉,頡,yes,no
颊,頰,yes,no
颌,頜,no,no
颍,潁,yes,no
频,頻,yes,no
颓,頹,yes,no
颖,穎,yes,no
颗,顆,yes,no
题,題,yes,no
颙,顒,yes,no
颜,顏,yes,no
额,額,yes,no
颠,顛,yes,no
颡,顙,yes,no
颢,顥,yes,no
颤,顫,yes,no
颦,顰,yes,no
颧,顴,yes,no
风,風,yes,no
飏,颺,yes,no
飐,颭,yes,no
飑,颮,yes,no
飒,颯,yes,no
飓,颶,no,no
飔,颸,yes,no
飕,颼,yes,no
飘,飄,yes,no
飙,飆,yes,no
飞,飛,yes,no
飨,饗,yes,no
餍,饜,yes,no
饥,飢,yes,no
饭,飯,yes,no
饮,飲,yes,no
饯,餞,yes,no
饰,飾,yes,no
饱,飽,yes,no
饲,飼,yes,no
饴,飴,yes,no
饵,餌,yes,no
饶,饒,yes,no
饷,餉,yes,no
饺,餃,no,no
饼,餅,yes,no
饿,餓,yes,no
馀,餘,yes,no
馁,餒,yes,no
馄,餛,no,no
馅,餡,no,no
馆,館,yes,no
馈,饋,yes,no
馋,饞,yes,no
馍,饃,no,no
馏,餾,yes,no
馐,饈,no,no
馑,饉,yes,no
馒,饅,yes,no
馔,饌,yes,no
马,馬,yes,no
驭,馭,yes,no
驮,馱,yes,no
驯,馴,yes,no
驰,馳,yes,no
驱,驅,yes,no
驳,駁,yes,no
驴,驢,yes,no
驵,駔,yes,no
驶,駛,yes,no
驷,駟,yes,no
驸,駙,yes,no
驹,駒,yes,no
驻,駐,yes,no
驼,駝,yes,no
驽,駑,yes,no
驾,駕,yes,no
驿,驛,yes,no
骀,駘,yes,no
骁,驍,yes,no
骂,罵,yes,no
骄,驕,yes,no
骅,驊,yes,no
骆,駱,yes,no
骇,駭,yes,no
骈,駢,yes,no
骊,驪,yes,no
骋,騁,yes,no
验,驗,yes,no
骏,駿,yes,no
骐,騏,yes,no
骑,騎,yes,no
骒,騍,no,no
骗,騙,yes,no
骚,騷,yes,no
骛,騖,yes,no
骜,驁,yes,no
骝,騮,yes,no
骞,騫,yes,no
骟,騸,no,no
骠,驃,yes,no
骡,騾,no,no
骢,驄,yes,no
骤,驟,yes,no
骥,驥,yes,no
骧,驤,yes,no
髅,髏,yes,no
髋,髖,yes,no
髌,髕,no,no
鬓,鬢,yes,no
魇,魘,yes,no
魉,魎,no,no
鱼,魚,yes,no
鱿,魷,no,no
鲁,魯,yes,no
鲂,魴,yes,no
鲍,鮑,yes,no
鲤,鯉,yes,no
鲨,鯊,yes,no
鲸,鯨,yes,no
鳌,鼇,yes,no
鳏,鰥,yes,no
鳞,鱗,yes,no
鸟,鳥,yes,no
鸠,鳩,yes,no
鸡,鷄,yes,no
鸢,鳶,yes,no
鸣,鳴,yes,no
鸥,鷗,yes,no
鸦,鴉,yes,no
鸨,鴇,yes,no
鸩,鴆,yes,no
鸪,鴣,yes,no
鸬,鸕,yes,no
鸭,鴨,yes,no
鸯,鴦,yes,no
鸰,鴒,yes,no
鸱,鴟,yes,no
鸲,鴝,no,no
鸳,鴛,yes,no
鸵,鴕,no,no
鸶,鷥,no,no
鸷,鷙,yes,no
鸸,鴯,yes,no
鸹,鴰,yes,no
鸺,鵂,yes,no
鸽,鴿,yes,no
鸾,鸞,yes,no
鸿,鴻,yes,no
鹁,鵓,no,no
鹃,鵑,yes,no
鹄,鵠,yes,no
鹅,鵝,yes,no
鹉,鵡,yes,no
鹊,鵲,yes,no
鹏,鵬,yes,no
鹤,鶴,yes,no
鹦,鸚,yes,no
鹫,鷲,yes,no
鹭,鷺,yes,no
鹰,鷹,yes,no
鹳,鸛,yes,no
鹾,鹺,yes,no
麦,麥,yes,no
黄,黃,yes,no
黉,黌,yes,no
齐,齊,yes,no
齿,齒,yes,no
龄,齡,yes,no
龙,龍,yes,no
龚,龔,yes,no
龟,龜,yes,no
